<application>
  <component name="LafManager" autodetect="false">
    <laf class-name="com.intellij.ide.ui.laf.darcula.DarculaLaf" themeId="261e1179-5ebf-42e6-a475-71948ab68aa8" />
    <lafs-to-previous-schemes>
      <laf-to-scheme laf="Base16 Tomorrow Dark" scheme="_@user_Base16 Tomorrow Dark" />
      <laf-to-scheme laf="Dark" scheme="_@user_Dark" />
      <laf-to-scheme laf="High contrast" scheme="_@user_High contrast" />
      <laf-to-scheme laf="Light" scheme="_@user_Light" />
      <laf-to-scheme laf="Light with Light Header" scheme="_@user_Light" />
      <laf-to-scheme laf="Lotus Dark" scheme="_@user_Lotus Dark" />
      <laf-to-scheme laf="Lotus Light" scheme="_@user_Lotus Light" />
      <laf-to-scheme laf="Monokai Pro" scheme="_@user_Monokai Pro" />
      <laf-to-scheme laf="Monokai Pro (Classic)" scheme="_@user_Monokai Pro (Classic)" />
      <laf-to-scheme laf="Monokai Pro (Filter Machine)" scheme="_@user_Monokai Pro (Filter Machine)" />
      <laf-to-scheme laf="Monokai Pro (Filter Octagon)" scheme="_@user_Monokai Pro (Filter Octagon)" />
      <laf-to-scheme laf="Monokai Pro (Filter Ristretto)" scheme="_@user_Monokai Pro (Filter Ristretto)" />
      <laf-to-scheme laf="Monokai Pro (Filter Spectrum)" scheme="_@user_Monokai Pro (Filter Spectrum)" />
      <laf-to-scheme laf="One Dark" scheme="_@user_One Dark" />
      <laf-to-scheme laf="One Dark Italic" scheme="_@user_One Dark Italic" />
      <laf-to-scheme laf="One Dark Vivid" scheme="_@user_One Dark Vivid" />
      <laf-to-scheme laf="One Dark Vivid Italic" scheme="_@user_One Dark Vivid Italic" />
      <laf-to-scheme laf="ReSharper Day" scheme="_@user_ReSharper Light" />
      <laf-to-scheme laf="ReSharper Night" scheme="_@user_ReSharper Dark" />
      <laf-to-scheme laf="Rider Day" scheme="_@user_Rider Light" />
      <laf-to-scheme laf="Rider Melon Day" scheme="_@user_Rider Melon Light" />
      <laf-to-scheme laf="Rider Melon Night" scheme="_@user_Rider Melon Dark" />
      <laf-to-scheme laf="Rider Night" scheme="_@user_Rider Dark" />
      <laf-to-scheme laf="Visual Assist Day" scheme="_@user_Visual Assist Light" />
      <laf-to-scheme laf="Visual Assist Night" scheme="_@user_Visual Assist Dark" />
      <laf-to-scheme laf="Visual Studio Day" scheme="_@user_Visual Studio Light" />
      <laf-to-scheme laf="Visual Studio Night" scheme="_@user_Visual Studio Dark" />
      <laf-to-scheme laf="celestial" scheme="_@user_Celestial" />
    </lafs-to-previous-schemes>
  </component>
</application>