<keymap version="1" name="VSCode (Migrated)" parent="VSCode">
  <action id="$Paste">
    <keyboard-shortcut first-keystroke="shift insert" />
    <keyboard-shortcut first-keystroke="shift ctrl v" />
  </action>
  <action id="ActivateCommitToolWindow">
    <keyboard-shortcut first-keystroke="alt 0" />
    <keyboard-shortcut first-keystroke="shift alt back_slash" />
  </action>
  <action id="ActivateProjectToolWindow">
    <keyboard-shortcut first-keystroke="shift back_slash" />
  </action>
  <action id="ActivateTerminalToolWindow">
    <keyboard-shortcut first-keystroke="ctrl back_quote" />
    <keyboard-shortcut first-keystroke="ctrl t" />
  </action>
  <action id="AssemblyDiffAction" />
  <action id="CollapseAll">
    <keyboard-shortcut first-keystroke="ctrl subtract" />
    <keyboard-shortcut first-keystroke="alt z" />
  </action>
  <action id="Editor Paste">
    <keyboard-shortcut first-keystroke="shift ctrl v" />
  </action>
  <action id="EditorChooseLookupItem">
    <keyboard-shortcut first-keystroke="tab" />
  </action>
  <action id="EditorChooseLookupItemReplace">
    <keyboard-shortcut first-keystroke="enter" />
  </action>
  <action id="EditorDown">
    <keyboard-shortcut first-keystroke="down" />
    <keyboard-shortcut first-keystroke="alt j" />
    <keyboard-shortcut first-keystroke="j" />
  </action>
  <action id="EditorToggleUseSoftWraps" />
  <action id="EditorUp">
    <keyboard-shortcut first-keystroke="up" />
    <keyboard-shortcut first-keystroke="alt k" />
    <keyboard-shortcut first-keystroke="k" />
  </action>
  <action id="Markdown.Layout.PreviewOnly" />
  <action id="MoveLineDown">
    <keyboard-shortcut first-keystroke="alt down" />
    <keyboard-shortcut first-keystroke="shift alt j" />
  </action>
  <action id="MoveLineUp">
    <keyboard-shortcut first-keystroke="alt up" />
    <keyboard-shortcut first-keystroke="shift alt k" />
  </action>
  <action id="NewElement">
    <keyboard-shortcut first-keystroke="alt insert" />
    <keyboard-shortcut first-keystroke="ctrl n" />
  </action>
  <action id="OpenInRightSplit">
    <keyboard-shortcut first-keystroke="ctrl v" />
  </action>
  <action id="ShowErrorDescription">
    <keyboard-shortcut first-keystroke="ctrl f1" />
    <keyboard-shortcut first-keystroke="shift alt e" />
  </action>
  <action id="SplitVertically" />
  <action id="Terminal.Paste">
    <keyboard-shortcut first-keystroke="shift insert" />
  </action>
  <action id="ToggleDistractionFreeMode">
    <keyboard-shortcut first-keystroke="alt f3" />
  </action>
  <action id="Vcs.Push">
    <keyboard-shortcut first-keystroke="shift alt p" />
  </action>
  <action id="VcsShowCurrentChangeMarker">
    <keyboard-shortcut first-keystroke="alt d" />
  </action>
  <action id="hg4idea.QFold" />
</keymap>